{
  "compilerOptions": {
    "allowUnreachableCode": true,
    "allowUnusedLabels": true,
    "alwaysStrict": true,
    "exactOptionalPropertyTypes": true,
    "noFallthroughCasesInSwitch": true,
    "noImplicitAny": true,
    "noImplicitOverride": true,
    "noImplicitReturns": true,
    "noImplicitThis": true,
    "noPropertyAccessFromIndexSignature": true,
    "noUncheckedIndexedAccess": true,
    "noUnusedLocals": true,
    "noUnusedParameters": true,
    "strict": true,
    "strictBindCallApply": true,
    "strictBuiltinIteratorReturn": true,
    "strictFunctionTypes": true,
    "strictNullChecks": true,
    "strictPropertyInitialization": true,
    "useUnknownInCatchVariables": true
  }
}